experiment_id,experiment_name,model_name,architecture,strategy,backend,device_name,latency_mean_ms,latency_std_ms,latency_min_ms,latency_max_ms,latency_p50_ms,latency_p90_ms,latency_p95_ms,latency_p99_ms,fps,model_load_ms,first_inference_ms,cpu_percent_mean,cpu_percent_max,memory_mb_mean,cpu_temp_celsius,model_size_bytes,model_size_mb,quantization,hostname,tpu_detected,benchmark_runs,warmup_runs,num_threads,duration_seconds,timestamp
exp_20260208_135317_9087,eccv_efficientnet_Fuzzy_cpu,efficientnet_int8_ptq_Fuzzy.tflite,efficientnet,Fuzzy,cpu,raspberrypi,129.725,0.931,128.643,133.61,129.351,131.058,131.442,133.124,7.71,7.48,130.91,4.3,95.4,666.6,47.7,12282888,11.71,int8,raspberrypi,True,200,20,4,31.69,2026-02-08T13:57:01.609945
exp_20260208_135317_9b85,eccv_efficientnet_hybrid_cpu,efficientnet_int8_ptq_hybrid.tflite,efficientnet,hybrid,cpu,raspberrypi,131.069,3.291,129.523,173.313,130.282,132.99,134.203,135.852,7.63,7.45,131.04,4.2,95.1,666.8,46.7,12286016,11.72,int8,raspberrypi,True,200,20,4,31.97,2026-02-08T13:56:29.876567
exp_20260208_135317_e590,eccv_efficientnet_sbert_cpu,efficientnet_int8_ptq_sbert.tflite,efficientnet,sbert,cpu,raspberrypi,131.144,1.508,129.761,136.686,130.508,133.791,134.789,135.921,7.63,7.4,135.14,4.2,95.3,667.6,47.2,12281312,11.71,int8,raspberrypi,True,200,20,4,32.04,2026-02-08T13:57:33.691282
exp_20260208_135317_67c5,eccv_efficientnet_lite0_Fuzzy_cpu,efficientnet_lite0_int8_ptq_Fuzzy.tflite,efficientnet_lite0,Fuzzy,cpu,raspberrypi,32.272,0.487,31.846,35.373,32.102,32.95,33.467,33.899,30.99,2.35,33.1,3.3,94.0,667.5,44.3,3970872,3.79,int8,raspberrypi,True,200,20,4,10.24,2026-02-08T13:55:33.106111
exp_20260208_135317_a421,eccv_efficientnet_lite0_Fuzzy_edgetpu,efficientnet_lite0_int8_ptq_Fuzzy_edgetpu.tflite,efficientnet_lite0,Fuzzy,edgetpu,raspberrypi,6.291,0.034,6.252,6.57,6.286,6.318,6.331,6.436,158.96,2648.51,19.56,0.7,2.7,667.4,40.9,4444768,4.24,int8,raspberrypi,True,200,20,4,7.18,2026-02-08T13:55:40.330235
exp_20260208_135317_2230,eccv_efficientnet_lite0_hybrid_cpu,efficientnet_lite0_int8_ptq_hybrid.tflite,efficientnet_lite0,hybrid,cpu,raspberrypi,32.403,0.776,31.87,38.338,32.127,33.126,34.13,35.117,30.86,2.26,33.33,4.1,94.1,666.9,43.8,3973488,3.79,int8,raspberrypi,True,200,20,4,10.26,2026-02-08T13:55:15.588644
exp_20260208_135317_4a9a,eccv_efficientnet_lite0_hybrid_edgetpu,efficientnet_lite0_int8_ptq_hybrid_edgetpu.tflite,efficientnet_lite0,hybrid,edgetpu,raspberrypi,6.296,0.038,6.245,6.546,6.289,6.329,6.361,6.471,158.83,2646.12,19.55,0.3,2.9,666.7,41.4,4465248,4.26,int8,raspberrypi,True,200,20,4,7.18,2026-02-08T13:55:22.816008
exp_20260208_135317_5993,eccv_efficientnet_lite0_sbert_cpu,efficientnet_lite0_int8_ptq_sbert.tflite,efficientnet_lite0,sbert,cpu,raspberrypi,32.35,0.487,31.892,36.121,32.209,32.779,33.432,33.979,30.91,2.31,32.91,4.3,93.9,666.6,44.8,3969552,3.79,int8,raspberrypi,True,200,20,4,10.25,2026-02-08T13:55:50.635340
exp_20260208_135317_2d14,eccv_efficientnet_lite0_sbert_edgetpu,efficientnet_lite0_int8_ptq_sbert_edgetpu.tflite,efficientnet_lite0,sbert,edgetpu,raspberrypi,6.278,0.022,6.243,6.349,6.275,6.308,6.318,6.335,159.29,2646.58,19.56,0.5,4.9,666.5,42.4,4444768,4.24,int8,raspberrypi,True,200,20,4,7.17,2026-02-08T13:55:57.851746
exp_20260208_135317_5647,eccv_mobilenetv1_Fuzzy_cpu,mobilenetv1_int8_ptq_Fuzzy.tflite,mobilenetv1,Fuzzy,cpu,raspberrypi,29.721,2.208,29.079,56.05,29.318,29.894,30.885,39.756,33.65,1.43,30.34,4.2,95.5,668.9,42.8,3525960,3.36,int8,raspberrypi,True,200,20,4,9.6,2026-02-08T13:54:41.544191
exp_20260208_135317_cc8e,eccv_mobilenetv1_Fuzzy_edgetpu,mobilenetv1_int8_ptq_Fuzzy_edgetpu.tflite,mobilenetv1,Fuzzy,edgetpu,raspberrypi,5.506,0.166,5.264,5.997,5.438,5.695,5.906,5.976,181.62,2665.0,17.92,0.8,7.1,667.2,40.9,3592800,3.43,int8,raspberrypi,True,200,20,4,7.02,2026-02-08T13:54:48.610129
exp_20260208_135316_871c,eccv_mobilenetv1_hybrid_cpu,mobilenetv1_int8_ptq_hybrid.tflite,mobilenetv1,hybrid,cpu,raspberrypi,29.508,0.577,29.051,32.223,29.305,30.127,30.968,31.651,33.89,1.43,29.73,3.3,95.1,669.1,43.3,3528064,3.36,int8,raspberrypi,True,200,20,4,9.56,2026-02-08T13:54:25.066435
exp_20260208_135316_6d3e,eccv_mobilenetv1_hybrid_edgetpu,mobilenetv1_int8_ptq_hybrid_edgetpu.tflite,mobilenetv1,hybrid,edgetpu,raspberrypi,4.63,0.022,4.59,4.744,4.624,4.66,4.675,4.693,215.98,2677.58,17.74,0.4,2.7,669.1,40.9,3609184,3.44,int8,raspberrypi,True,200,20,4,6.78,2026-02-08T13:54:31.887105
exp_20260208_135317_f728,eccv_mobilenetv1_sbert_cpu,mobilenetv1_int8_ptq_sbert.tflite,mobilenetv1,sbert,cpu,raspberrypi,29.376,0.424,28.996,31.441,29.221,29.893,30.511,30.946,34.04,1.43,29.82,3.4,94.9,667.5,43.8,3524904,3.36,int8,raspberrypi,True,200,20,4,9.53,2026-02-08T13:54:58.195816
exp_20260208_135317_1680,eccv_mobilenetv1_sbert_edgetpu,mobilenetv1_int8_ptq_sbert_edgetpu.tflite,mobilenetv1,sbert,edgetpu,raspberrypi,5.51,0.145,5.105,5.94,5.464,5.663,5.852,5.914,181.49,2674.3,16.85,0.7,4.8,666.7,40.4,3592800,3.43,int8,raspberrypi,True,200,20,4,7.03,2026-02-08T13:55:05.272179
exp_20260208_135316_d110,eccv_mobilenetv2_Fuzzy_cpu,mobilenetv2_int8_ptq_Fuzzy.tflite,mobilenetv2,Fuzzy,cpu,raspberrypi,38.444,0.529,38.008,40.747,38.237,39.19,39.653,40.666,26.01,2.16,38.92,2.8,80.2,672.3,41.4,2676696,2.55,int8,raspberrypi,True,200,20,4,11.52,2026-02-08T13:53:49.762850
exp_20260208_135316_4257,eccv_mobilenetv2_Fuzzy_edgetpu,mobilenetv2_int8_ptq_Fuzzy_edgetpu.tflite,mobilenetv2,Fuzzy,edgetpu,raspberrypi,5.819,0.154,5.567,6.349,5.766,5.972,6.243,6.327,171.85,2662.43,14.1,1.0,4.8,669.4,39.4,2855552,2.72,int8,raspberrypi,True,200,20,4,7.07,2026-02-08T13:53:56.875241
exp_20260208_135316_0676,eccv_mobilenetv2_hybrid_cpu,mobilenetv2_int8_ptq_hybrid.tflite,mobilenetv2,hybrid,cpu,raspberrypi,38.371,0.434,38.041,40.377,38.209,39.009,39.444,40.094,26.06,3.0,40.04,24.3,26.8,676.7,44.8,2679264,2.56,int8,raspberrypi,True,200,20,4,12.92,2026-02-08T13:53:29.870953
exp_20260208_135316_c27d,eccv_mobilenetv2_hybrid_edgetpu,mobilenetv2_int8_ptq_hybrid_edgetpu.tflite,mobilenetv2,hybrid,edgetpu,raspberrypi,5.883,0.12,5.576,6.206,5.935,5.994,6.022,6.099,169.98,3913.09,14.28,2.1,26.8,672.8,39.9,2876032,2.74,int8,raspberrypi,True,200,20,4,8.28,2026-02-08T13:53:38.189032
exp_20260208_135316_206c,eccv_mobilenetv2_sbert_cpu,mobilenetv2_int8_ptq_sbert.tflite,mobilenetv2,sbert,cpu,raspberrypi,38.452,0.651,37.992,42.518,38.21,39.115,40.05,40.796,26.01,2.18,39.56,3.7,79.8,670.0,42.4,2675408,2.55,int8,raspberrypi,True,200,20,4,11.53,2026-02-08T13:54:08.466271
exp_20260208_135316_b94f,eccv_mobilenetv2_sbert_edgetpu,mobilenetv2_int8_ptq_sbert_edgetpu.tflite,mobilenetv2,sbert,edgetpu,raspberrypi,5.324,0.61,4.906,7.635,4.953,5.966,7.0,7.089,187.83,2648.0,13.21,0.7,4.9,668.9,39.4,2855552,2.72,int8,raspberrypi,True,200,20,4,6.93,2026-02-08T13:54:15.441248
exp_20260208_135317_1675,eccv_resnet50_Fuzzy_cpu,resnet50_int8_ptq_Fuzzy.tflite,resnet50,Fuzzy,cpu,raspberrypi,186.921,1.905,184.75,192.822,186.053,189.972,191.176,191.935,5.35,3.01,189.34,4.3,96.0,664.1,49.7,24270176,23.15,int8,raspberrypi,True,200,20,4,44.35,2026-02-08T13:59:21.286828
exp_20260208_135317_19f3,eccv_resnet50_Fuzzy_edgetpu,resnet50_int8_ptq_Fuzzy_edgetpu.tflite,resnet50,Fuzzy,edgetpu,raspberrypi,55.426,1.016,54.063,56.7,55.899,56.496,56.544,56.59,18.04,2708.47,81.52,0.6,7.3,664.4,43.8,23904864,22.8,int8,raspberrypi,True,200,20,4,18.19,2026-02-08T13:59:39.526971
exp_20260208_135317_7c12,eccv_resnet50_hybrid_cpu,resnet50_int8_ptq_hybrid.tflite,resnet50,hybrid,cpu,raspberrypi,188.861,1.662,186.902,201.23,188.351,191.117,191.517,193.289,5.29,2.84,188.66,4.5,96.3,669.1,49.7,24274160,23.15,int8,raspberrypi,True,200,20,4,44.84,2026-02-08T13:58:18.563544
exp_20260208_135317_3434,eccv_resnet50_hybrid_edgetpu,resnet50_int8_ptq_hybrid_edgetpu.tflite,resnet50,hybrid,edgetpu,raspberrypi,56.04,0.692,54.082,58.738,56.099,56.558,56.592,56.918,17.84,2666.19,76.88,0.8,8.1,663.4,43.8,23937632,22.83,int8,raspberrypi,True,200,20,4,18.27,2026-02-08T13:58:36.879075
exp_20260208_135317_5bf9,eccv_resnet50_sbert_cpu,resnet50_int8_ptq_sbert.tflite,resnet50,sbert,cpu,raspberrypi,187.971,1.697,186.089,195.102,187.289,190.599,191.599,192.25,5.32,2.86,190.47,4.4,96.0,664.8,49.7,24267928,23.14,int8,raspberrypi,True,200,20,4,44.58,2026-02-08T14:00:24.161133
exp_20260208_135317_094e,eccv_resnet50_sbert_edgetpu,resnet50_int8_ptq_sbert_edgetpu.tflite,resnet50,sbert,edgetpu,raspberrypi,56.219,0.286,55.465,57.405,56.19,56.556,56.607,56.85,17.79,2701.72,79.81,0.9,8.2,664.2,43.8,23904864,22.8,int8,raspberrypi,True,200,20,4,18.38,2026-02-08T14:00:42.584874
